avg,max,med,min,q25,q75,std,activity
0.1552449723223236,7.857317915634084,-0.5568963371329948,-1.4373089428447965,-1.1393604008077183,0.975161500652972,1.7746658622388707,Bike
-0.6742691271090937,1.2421739427212946,-0.8074247603598739,-1.5249385467710084,-1.3412634443105864,-0.06678529016841692,0.7220830924986462,Bike
-0.005327083571292889,1.512194330201334,0.04656596056599514,-1.1826504317736044,-0.5111770004566476,0.4294056033128813,0.6251424921154137,Bike
0.07808753579283685,1.5593848843430747,0.12501763163886515,-1.145201117576818,-0.4654858080351024,0.49341470642742646,0.6424257978150046,Bike
-0.007514202876811834,1.3483450031678141,0.024876333754188705,-1.0591162932750644,-0.5377298863486161,0.3448285424995151,0.6014295350887766,Bike
0.17535678206741803,1.8222512776068762,0.18065281517598683,-1.0336041870795512,-0.4104700477843933,0.5547887970221654,0.6749068046864771,Bike
0.11826546568040651,1.5731635755806064,0.15070474413325974,-1.0291113807152548,-0.4779186310448401,0.49621720652185053,0.6621706193968943,Bike
0.11863696983232774,1.5429734133761617,0.1609269935261657,-1.1272718059515623,-0.44880102284461876,0.5075267555292864,0.6486904650016049,Bike
0.07782511550522458,1.4600711665516808,0.12010418658039065,-1.1261135577143597,-0.46959927679880875,0.42063339210111095,0.639454164719524,Bike
0.2469817635337755,1.7209871612891516,0.22770141745146918,-1.0048714640247733,-0.34519134195651135,0.7015497302151984,0.6591737075172682,Bike
0.2870327585552035,1.7035459348266955,0.3054473247286831,-0.8971045156792407,-0.33003433751144884,0.8171156001277735,0.6585312454913542,Bike
0.1745328925364264,1.6436457531443611,0.16207223265040333,-0.9296821566673938,-0.42552339445843657,0.652818789075835,0.6536935139910255,Bike
0.07165720981193681,1.5054991864542238,0.07366521682906502,-1.0281955348638476,-0.5487560361216237,0.6108518294172913,0.6599010860871115,Bike
0.08279545037189379,1.51410948038085,0.09624796238648667,-1.0822195331327622,-0.5321407106616014,0.533677802622952,0.6533135907095906,Bike
0.12125245001529913,1.6119784970202464,0.12288036343655606,-0.9437134137222746,-0.48706345822445646,0.6257453542232274,0.6523817867627809,Bike
0.11163739396744181,1.5978299490109142,0.15850943650689878,-0.9528772854455158,-0.48021695691743504,0.5407776105413775,0.6325198533774804,Bike
0.045173152347066876,1.5692661934410694,0.05106976402482524,-1.029056156193089,-0.543123535611602,0.43096658733627763,0.6539416847316727,Bike
0.03702534706968554,1.2687350313220256,0.09413453854012638,-1.01448562879785,-0.5225916753461056,0.42210199565172657,0.610979212783604,Bike
-0.01594429316209505,1.3535185202455937,0.010683729843483309,-1.096930706062373,-0.5507730214895313,0.2914180783739684,0.6230029922925386,Bike
-0.01683060227214619,1.2841107876392992,0.02163626214225687,-1.1322119086456646,-0.5242169918567181,0.3321239631141973,0.6026057463387096,Bike
0.048107017089494566,1.446136521511346,0.07705313176395774,-1.1246410470681747,-0.5321642371253419,0.4818063713948891,0.6675186194443439,Bike
-0.0191451456030806,1.30980525197651,0.03584500634979488,-1.1096585403801147,-0.5570026997402694,0.30955618667925144,0.614578525790985,Bike
-0.15603633593948166,1.284028138819939,-0.10751223715439123,-1.2960351497430955,-0.7050518814993386,0.2648503821778423,0.6361953992202698,Bike
-0.751518043217091,0.6577945388008228,-0.8994475252622891,-1.5336868636439114,-1.2421562248718376,-0.2721890793983536,0.5837980416127484,Bike
-0.3862018448714167,3.908562560267076,-0.7371641314917673,-1.4809056972646135,-1.1944056346707772,-0.069769714748335,1.1437300096162404,Bike
1.0334312944655066,7.606778140472043,0.42907847524101966,-1.5531564196565943,-0.3901494027005462,2.0909961346358177,1.9719225490026662,Bike
-0.0648296664233958,1.0570048465870572,0.009422902544289275,-1.3502675890986122,-0.6762046999769543,0.5087007038534591,0.6758510051825407,Bike
-0.016147782307028995,1.5804411012719533,-0.018105493415876653,-1.1768943201695825,-0.6644292100372928,0.5067052708784838,0.7118877198667699,Bike
-0.10312027472231716,1.189646008389778,-0.05924400847223503,-1.3415645952043709,-0.7056871512012628,0.4589425012706698,0.6545712052371397,Bike
-0.04378899061063168,1.2018881153724235,0.010642304578008301,-1.2428980491633097,-0.6377984565833236,0.4831048795319751,0.6527342285103379,Bike
-0.03249016779936385,1.4953649035174357,-0.035082023543319026,-1.3382964195717864,-0.6246561880982958,0.48227155825337326,0.6804671419533127,Bike
-0.050834740591665206,1.3716911951561868,-0.024403771501630242,-1.2987083187236892,-0.6417087473727262,0.4849449148433465,0.6517686129208107,Bike
0.015262675795692255,1.8281651375471692,0.041142444255548236,-1.2728524837334843,-0.5976205948775192,0.5741737261269715,0.6847393442571319,Bike
0.02171801134986928,1.646740292412744,0.03518634960229382,-1.2372833578280986,-0.5396641038469849,0.4641576599314812,0.6646308119882336,Bike
-0.01817580302723013,1.6532618559128647,0.0200790339943522,-1.2848016072127781,-0.5603226874485063,0.447134821342345,0.6501993385266603,Bike
-0.011874140427044912,1.4131665883896551,0.0076622255450052796,-1.2808337481109757,-0.5578612142975217,0.4839331641330294,0.6601396017904229,Bike
0.08568798372775209,1.8142351990476284,0.11631116652664397,-1.3542815704484787,-0.44695584023680585,0.5613063724091192,0.6759387032746373,Bike
-0.0827316335730314,1.4954896598919236,-0.032116879901090745,-1.2781730025973823,-0.7053098782344253,0.4347886554469992,0.6639428114123466,Bike
-0.0846952003232018,1.2413060097576583,-0.05180334876588967,-1.2394163590467513,-0.7116789305193002,0.4710962312035484,0.6669579260808428,Bike
0.011039775861224291,1.4741755350998842,0.03579154430142658,-1.2210885888619112,-0.5888374851868398,0.5524961441253721,0.6854034208239478,Bike
-0.0722297137085772,1.3955224896152243,-0.04194409140888869,-1.269224445167941,-0.5965910300809676,0.4112578907992931,0.6269843788943357,Bike
-0.1979657241971324,1.1445997397538215,-0.1713563684381394,-1.3119800696153143,-0.6998925944671957,0.27957015481492314,0.5879295243654602,Bike
-0.09467746719846758,1.2201932325774905,-0.07396811025679768,-1.3466363166235034,-0.6350756579993813,0.4292220646419337,0.647669340129422,Bike
0.06800711971509099,1.7671026621833443,0.07296890674649906,-1.1275781610016253,-0.5074723096599034,0.567767866390427,0.6585875798671796,Bike
0.01930861222165186,1.6650251630073352,0.04150088238184778,-1.2941535018816184,-0.5232235964820603,0.47952416901922235,0.6452668681001845,Bike
-0.18997028878881203,2.8308660792414777,-0.30760030989765424,-1.6127994669655232,-0.861956535527697,0.4391131949291999,0.9458977135841266,Bike
-1.5768313758281642,-1.472128345617841,-1.5975278283348175,-1.6239332891055194,-1.616128141496623,-1.5476972448797186,0.05039080951796673,Bike
4.107005681026826,4.134007961407964,4.119703008150864,4.054608746397613,4.1014982433308855,4.125210445846806,0.03563830659725565,Bike
-0.24758583003409895,7.011267966081459,-0.819196704586218,-2.741532368197981,-2.261978993616558,1.1532712474087845,2.391141599018278,Bike
-1.8327462162467347,7.736583563469024,-2.534541489581403,-2.874142617536819,-2.675807443128756,-2.0941070691372383,1.849438168055048,Bike
-0.1510579227015663,8.469226194675912,-0.23903705356165122,-2.272162863396429,-1.3197220321744232,0.7077991997698327,1.477676779423577,Bike
-0.21592205472187825,2.5582480042682545,-0.2067145560941147,-2.282242730895298,-1.23704700743642,0.761127146854613,1.139673008056708,Bike
-0.015879931357736514,2.2598951275619106,0.04847848764963657,-2.0874657435109025,-1.065464613417919,0.9281448711831448,1.1412208598997546,Bike
-0.14209572319160532,2.2087460789078084,-0.027810410997541442,-2.3833930501276646,-1.2781170547520038,0.8944037580396578,1.1932325020670127,Bike
-0.048209068665409235,2.1550166347060324,0.006849350500818377,-2.0051235678103536,-1.1393396376189067,0.9574635627854484,1.1451854446879204,Bike
0.046187311000058184,2.167771699497098,0.07857990127255494,-2.1542521605929728,-0.9938083940498496,1.0299275529576237,1.1295322938322563,Bike
0.43625331138621837,2.7303867344382162,0.5462802314152724,-2.04886909559691,-0.5373007667200927,1.4329350521999777,1.087649660521992,Bike
-0.08127747351048878,2.6018206550035607,-0.017211953866395825,-2.237315512396394,-1.202932769171168,0.936398243583537,1.188954382844073,Bike
0.07746262962632686,2.3330387296655353,0.14616223422088337,-2.0284468878577195,-0.9213201184387861,1.0131947468816838,1.1425851531500697,Bike
0.17600524185762983,2.538793674202591,0.26323168379810435,-2.1084736756500875,-0.8741997430115729,1.1500811431376134,1.1568846487623723,Bike
0.18064205252644933,2.5388619100120957,0.25816692275248593,-1.7115684514322416,-0.7533074428593384,0.9953561775559828,1.0228790897116098,Bike
0.338058205745817,2.5549170936461207,0.45666257737567323,-2.154296684177119,-0.8103603962996193,1.4494619061603555,1.212921610809902,Bike
0.13551902033203686,2.288354767420705,0.27739736180370955,-2.2159330305750484,-0.9313753531605451,1.137221528717808,1.1659969458649817,Bike
0.11892156931537827,2.1616062088488013,0.22867117399926692,-2.1072675745223566,-0.9308751233271919,1.0786356081046988,1.111690712349362,Bike
-0.14808751441545456,2.109443438895147,-0.11182369587730398,-2.0741798678941277,-1.1242306274577722,0.7379096287481964,1.042235286437504,Bike
0.4998017785072193,3.7699358779158665,0.5913196897125997,-1.9750950262392675,-0.5875720295635084,1.5514691001891896,1.212854965301057,Bike
0.3971703976398813,2.6541767067111364,0.5367266552705678,-2.072667860600098,-0.7373285122358358,1.45312710422243,1.2122237524522346,Bike
0.4132279308330826,2.751067573985095,0.5927388879136634,-1.8528052427407435,-0.7080162610154133,1.4322918153630024,1.177870639557783,Bike
0.0649121775260549,6.814027862865403,0.017862374894421704,-2.8447985550132313,-1.235703207925853,1.2640795395826727,1.8681348737532992,Bike
4.107005681026826,4.134007961407964,4.119703008150864,4.054608746397613,4.1014982433308855,4.125210445846806,0.03563830659725565,Bike
-0.24758583003409895,7.011267966081459,-0.819196704586218,-2.741532368197981,-2.261978993616558,1.1532712474087845,2.391141599018278,Bike
-1.8327462162467347,7.736583563469024,-2.534541489581403,-2.874142617536819,-2.675807443128756,-2.0941070691372383,1.849438168055048,Bike
-0.1510579227015663,8.469226194675912,-0.23903705356165122,-2.272162863396429,-1.3197220321744232,0.7077991997698327,1.477676779423577,Bike
-0.21592205472187825,2.5582480042682545,-0.2067145560941147,-2.282242730895298,-1.23704700743642,0.761127146854613,1.139673008056708,Bike
-0.015879931357736514,2.2598951275619106,0.04847848764963657,-2.0874657435109025,-1.065464613417919,0.9281448711831448,1.1412208598997546,Bike
-0.14209572319160532,2.2087460789078084,-0.027810410997541442,-2.3833930501276646,-1.2781170547520038,0.8944037580396578,1.1932325020670127,Bike
-0.048209068665409235,2.1550166347060324,0.006849350500818377,-2.0051235678103536,-1.1393396376189067,0.9574635627854484,1.1451854446879204,Bike
0.046187311000058184,2.167771699497098,0.07857990127255494,-2.1542521605929728,-0.9938083940498496,1.0299275529576237,1.1295322938322563,Bike
0.43625331138621837,2.7303867344382162,0.5462802314152724,-2.04886909559691,-0.5373007667200927,1.4329350521999777,1.087649660521992,Bike
-0.08127747351048878,2.6018206550035607,-0.017211953866395825,-2.237315512396394,-1.202932769171168,0.936398243583537,1.188954382844073,Bike
0.07746262962632686,2.3330387296655353,0.14616223422088337,-2.0284468878577195,-0.9213201184387861,1.0131947468816838,1.1425851531500697,Bike
0.17600524185762983,2.538793674202591,0.26323168379810435,-2.1084736756500875,-0.8741997430115729,1.1500811431376134,1.1568846487623723,Bike
0.18064205252644933,2.5388619100120957,0.25816692275248593,-1.7115684514322416,-0.7533074428593384,0.9953561775559828,1.0228790897116098,Bike
0.338058205745817,2.5549170936461207,0.45666257737567323,-2.154296684177119,-0.8103603962996193,1.4494619061603555,1.212921610809902,Bike
0.13551902033203686,2.288354767420705,0.27739736180370955,-2.2159330305750484,-0.9313753531605451,1.137221528717808,1.1659969458649817,Bike
0.11892156931537827,2.1616062088488013,0.22867117399926692,-2.1072675745223566,-0.9308751233271919,1.0786356081046988,1.111690712349362,Bike
-0.14808751441545456,2.109443438895147,-0.11182369587730398,-2.0741798678941277,-1.1242306274577722,0.7379096287481964,1.042235286437504,Bike
0.4998017785072193,3.7699358779158665,0.5913196897125997,-1.9750950262392675,-0.5875720295635084,1.5514691001891896,1.212854965301057,Bike
0.3971703976398813,2.6541767067111364,0.5367266552705678,-2.072667860600098,-0.7373285122358358,1.45312710422243,1.2122237524522346,Bike
0.4132279308330826,2.751067573985095,0.5927388879136634,-1.8528052427407435,-0.7080162610154133,1.4322918153630024,1.177870639557783,Bike
0.0649121775260549,6.814027862865403,0.017862374894421704,-2.8447985550132313,-1.235703207925853,1.2640795395826727,1.8681348737532992,Bike
1.0334312944655066,7.606778140472043,0.42907847524101966,-1.5531564196565943,-0.3901494027005462,2.0909961346358177,1.9719225490026662,Bike
-0.0648296664233958,1.0570048465870572,0.009422902544289275,-1.3502675890986122,-0.6762046999769543,0.5087007038534591,0.6758510051825407,Bike
-0.016147782307028995,1.5804411012719533,-0.018105493415876653,-1.1768943201695825,-0.6644292100372928,0.5067052708784838,0.7118877198667699,Bike
-0.10312027472231716,1.189646008389778,-0.05924400847223503,-1.3415645952043709,-0.7056871512012628,0.4589425012706698,0.6545712052371397,Bike
-0.04378899061063168,1.2018881153724235,0.010642304578008301,-1.2428980491633097,-0.6377984565833236,0.4831048795319751,0.6527342285103379,Bike
-0.03249016779936385,1.4953649035174357,-0.035082023543319026,-1.3382964195717864,-0.6246561880982958,0.48227155825337326,0.6804671419533127,Bike
-0.050834740591665206,1.3716911951561868,-0.024403771501630242,-1.2987083187236892,-0.6417087473727262,0.4849449148433465,0.6517686129208107,Bike
0.015262675795692255,1.8281651375471692,0.041142444255548236,-1.2728524837334843,-0.5976205948775192,0.5741737261269715,0.6847393442571319,Bike
0.02171801134986928,1.646740292412744,0.03518634960229382,-1.2372833578280986,-0.5396641038469849,0.4641576599314812,0.6646308119882336,Bike
-0.01817580302723013,1.6532618559128647,0.0200790339943522,-1.2848016072127781,-0.5603226874485063,0.447134821342345,0.6501993385266603,Bike
-0.011874140427044912,1.4131665883896551,0.0076622255450052796,-1.2808337481109757,-0.5578612142975217,0.4839331641330294,0.6601396017904229,Bike
0.08568798372775209,1.8142351990476284,0.11631116652664397,-1.3542815704484787,-0.44695584023680585,0.5613063724091192,0.6759387032746373,Bike
-0.0827316335730314,1.4954896598919236,-0.032116879901090745,-1.2781730025973823,-0.7053098782344253,0.4347886554469992,0.6639428114123466,Bike
-0.0846952003232018,1.2413060097576583,-0.05180334876588967,-1.2394163590467513,-0.7116789305193002,0.4710962312035484,0.6669579260808428,Bike
0.011039775861224291,1.4741755350998842,0.03579154430142658,-1.2210885888619112,-0.5888374851868398,0.5524961441253721,0.6854034208239478,Bike
-0.0722297137085772,1.3955224896152243,-0.04194409140888869,-1.269224445167941,-0.5965910300809676,0.4112578907992931,0.6269843788943357,Bike
-0.1979657241971324,1.1445997397538215,-0.1713563684381394,-1.3119800696153143,-0.6998925944671957,0.27957015481492314,0.5879295243654602,Bike
-0.09467746719846758,1.2201932325774905,-0.07396811025679768,-1.3466363166235034,-0.6350756579993813,0.4292220646419337,0.647669340129422,Bike
0.06800711971509099,1.7671026621833443,0.07296890674649906,-1.1275781610016253,-0.5074723096599034,0.567767866390427,0.6585875798671796,Bike
0.01930861222165186,1.6650251630073352,0.04150088238184778,-1.2941535018816184,-0.5232235964820603,0.47952416901922235,0.6452668681001845,Bike
-0.18997028878881203,2.8308660792414777,-0.30760030989765424,-1.6127994669655232,-0.861956535527697,0.4391131949291999,0.9458977135841266,Bike
-1.5768313758281642,-1.472128345617841,-1.5975278283348175,-1.6239332891055194,-1.616128141496623,-1.5476972448797186,0.05039080951796673,Bike
0.6479954363938132,12.60392992297445,-0.34385728582545666,-1.601059704506516,-0.834182864060656,0.9444344242033738,2.572405296767646,Stairmaster
-0.2589226380118797,6.800027124759738,-0.9203565298260926,-1.7367689854772144,-1.3267696557820983,0.24841521662904822,1.6594582237360245,Stairmaster
-1.1886118331715165,1.5408931038665659,-1.533462081322378,-1.7660780526437714,-1.6586719701846127,-0.9117904963002924,0.7161920217517935,Stairmaster
-0.027160527787332585,3.427962215057622,-0.2503671264519561,-1.707955960759154,-0.8789781124619277,0.6423977972785798,1.1224058938456976,Stairmaster
-0.051726151802665446,2.9544731520831067,-0.2173540263268615,-1.582950881287017,-0.8681012154397652,0.55838824182661,1.0696784759785019,Stairmaster
0.5526972569600416,6.66390750367558,-0.01903928346808168,-1.3599961831267853,-0.7469584833342846,1.4700383515035422,1.718598550612997,Stairmaster
-0.06633159887263834,3.088495537058808,-0.17860795394640105,-1.600341593199342,-0.8886625356377618,0.4744363808896047,0.9564920612316075,Stairmaster
-0.14656732564973088,3.1831363751724666,-0.1552724451370511,-1.7436011514894234,-1.1460909018007248,0.4297266444811554,1.0603101350220814,Stairmaster
-0.1099786563230565,3.5639939417448816,-0.16071450077694074,-1.6743222165932061,-0.9725781031102606,0.4998295617373348,1.014303258563436,Stairmaster
0.03518992562969912,3.4702455084273334,-0.04582046681405581,-1.6782153885976976,-0.7164218235876725,0.5996560525351331,1.0169122662910626,Stairmaster
0.6044201328659142,6.855257661997772,0.2509211673450567,-1.6017732588458484,-0.6522339475158401,1.5314678445758867,1.6448484354664512,Stairmaster
0.0675528307555933,3.928853352914756,-0.16814035241947392,-1.653024245567079,-0.8663352221746691,0.7652657739973412,1.2097160440710832,Stairmaster
-0.004147185905992544,3.9408794111074275,-0.16959569622415732,-1.6168339568883014,-0.9765809190078432,0.6220565961704956,1.1500937841846854,Stairmaster
-0.08896844230095063,2.809425782870293,-0.30182004245590266,-1.661953709556339,-1.01230183142926,0.616240904571134,1.07073793815617,Stairmaster
0.08401116111800595,4.241479788567414,-0.022228995821598613,-1.683908702328134,-0.8699395909859239,0.7292750699218117,1.1855459702768962,Stairmaster
0.22858428115870938,4.054213926579974,0.06692200115358704,-1.6258304021559682,-0.7885760308355019,0.894950818202178,1.2877803780884574,Stairmaster
0.23272299621285022,4.131954824097123,0.09538022891116466,-1.6181546926767039,-0.7397643835421736,0.9118047871727479,1.207702972215181,Stairmaster
-0.01695856100027935,2.851206896037234,-0.003276709110133128,-1.6681766435967649,-1.0438982507122407,0.8582161851230631,1.1195749061048847,Stairmaster
-0.019979508041329665,4.11775638476447,-0.024214475915054448,-1.6979862158293142,-0.8506895237049853,0.5530963792128831,1.0856571141052145,Stairmaster
-0.025919675792011886,3.676410191365113,-0.026913663726204764,-1.5144671753459267,-1.0224636162662926,0.6424147924554646,1.0469621795058945,Stairmaster
0.18958958234709233,4.945363151851255,0.0241032073370754,-1.5362332683039706,-0.6494014747423758,0.7658433433574127,1.22222509692369,Stairmaster
-1.3392219838422166,-0.6739069632269283,-1.4043402874513815,-1.6981755816188178,-1.5122911584171375,-1.2099976876175405,0.23504869823727698,Stairmaster
0.08317993478101213,1.4822559335355288,0.13647021609594973,-1.0209586019785843,-0.6257167874130953,0.5032971453234104,0.7484037617471567,Stairmaster
0.37514676993951734,4.011954814631588,0.30917160322956044,-1.2911871475566576,-0.3746923539085334,0.9062695059967592,0.959691030608723,Stairmaster
-0.08459327461513416,1.4876332742605036,-0.17754651486773781,-1.2215225321506555,-0.7503021244056693,0.5557503956045493,0.7066051171145971,Stairmaster
-0.024983370309556188,1.8664865275835063,-0.13395420792480095,-1.2044793781604657,-0.7227506415818737,0.6193808763461388,0.7707312249162637,Stairmaster
0.003886756714450053,1.7915711802911314,-0.059244856382517336,-1.2019893215426303,-0.6917843647968485,0.5964445326792973,0.7718355915135617,Stairmaster
-0.03601777406545056,1.537055316156667,0.0031448722446234005,-1.2735238311751798,-0.6823069913781608,0.5145688492043476,0.6994190511664703,Stairmaster
-0.012364949667586897,2.046539527712111,-0.014095535188187586,-1.1225173916448417,-0.7453834914936326,0.5796051528610174,0.7762675107248658,Stairmaster
-0.023065107702251487,1.819344849990965,-0.031280208217874306,-1.1385119160623565,-0.7286695285292394,0.5219626337958727,0.7265217201713535,Stairmaster
-0.03540928800438385,1.5745262309185803,0.007399857518726308,-1.2223509832949229,-0.826139194269575,0.6063500977295073,0.7553507901088181,Stairmaster
-0.019546864527063026,1.9724458316803317,0.0009216296028556692,-1.2454380700915082,-0.6745502974916584,0.5359042320093763,0.6796040346005062,Stairmaster
0.02184508006923511,1.9387460702113317,0.10223294274011162,-1.288675315954856,-0.790881508783548,0.5848837446659483,0.7968495713182727,Stairmaster
-0.05570007664310868,1.7800278749847949,0.01454359981719644,-1.16481612730279,-0.766961897844822,0.5078771333592855,0.7338940286500385,Stairmaster
0.006784437730648893,1.5477313827057544,0.016331448722895017,-1.0481711711490524,-0.6184618652145031,0.5120161124820131,0.6530731483960427,Stairmaster
-0.056864779451751904,1.5450859200577043,-0.06181435875894432,-1.1957847139880182,-0.729202287955022,0.523134952411901,0.7133683580224578,Stairmaster
0.05018223487297933,1.977209478062767,0.05868024758112579,-1.1335225660522743,-0.6334380720309764,0.5778832670367678,0.7033097827374322,Stairmaster
0.044035867577475324,1.8677252132435458,0.11283579639860859,-1.251882078875498,-0.6729112217769601,0.5680975619297289,0.7101724408173626,Stairmaster
-0.06173720679165546,1.6518443555405853,-0.08428934870130318,-1.2210778007760594,-0.6692418628273027,0.41803394517362663,0.6606127741391413,Stairmaster
-0.053625081999278845,1.6691292723408533,-0.09004645867778444,-1.190571662893571,-0.8119788257383922,0.5394201551027867,0.7671061092824851,Stairmaster
0.03975914591235346,2.1604418106348877,0.008201797164084697,-1.2073304562395475,-0.7304626101675883,0.6650463448844508,0.7660113017133198,Stairmaster
0.10537455219475127,2.699487048273797,0.07493935734492839,-1.1380671367673871,-0.6337836157901876,0.6462302872102308,0.7956262697811199,Stairmaster
-1.0235270686132403,-0.1534157246634871,-1.1360550621316525,-1.3382433710801964,-1.2249084126228105,-0.892071422801818,0.2789155435188667,Stairmaster
-0.8079650882496895,1.0009737066661406,-0.8873800919720212,-1.3749755683922897,-1.0641325934853116,-0.6711722106804094,0.3928943027953778,Stairmaster
-0.8330728831862563,1.3629552706553765,-0.8967752385255134,-1.3269626422293843,-1.0475793386774954,-0.7220516115548694,0.3942068003982747,Stairmaster
-0.5981102885706219,1.0057939156325868,-0.6742774470687136,-1.4640908729457232,-1.0047524252883064,-0.23314552947868833,0.529765124265756,Stairmaster
-1.4026582158623226,-1.3159225208772547,-1.4095171373223327,-1.4307433717384963,-1.4173634237123904,-1.3920939219158748,0.02042365664262985,Stairmaster
0.5085774172245854,11.177350452385467,0.19054352163817084,-1.42357973384177,-0.7664114546629427,1.1715584742784273,1.8425616785246755,Stairmaster
0.26548050740555795,2.7605596515467155,0.203038670638461,-1.0512213990950257,-0.4055596347661801,0.7573724154888801,0.8352469794899064,Stairmaster
0.2187455568617524,2.243352317221576,0.21784868773366578,-1.1369572784357591,-0.4814173584374622,0.7621687335817453,0.7978200938708087,Stairmaster
0.15601109337746036,2.0311412142015794,0.16672997186171984,-1.103433200368926,-0.4818269496832151,0.6851400454084917,0.7531242092781175,Stairmaster
0.1921506704486679,2.298154837273838,0.12465855733751287,-1.0396413510556395,-0.4779190860645714,0.8043081921898733,0.8103247053360425,Stairmaster
0.15585501056162188,2.3049568890784213,0.04238423942657894,-1.1001104539306026,-0.49844338184094206,0.797716597889784,0.7916855206946946,Stairmaster
0.18927470283865508,2.0328441350736646,0.1576628566078298,-1.151876393624129,-0.4975431392814805,0.8840905572260345,0.8093059002393527,Stairmaster
0.15916716140936818,2.374467741272711,0.045670266644811115,-1.1155765431337124,-0.5328464022027306,0.8578397379647412,0.8415483960906991,Stairmaster
0.15307801346663336,2.228754659470223,0.0259396945409383,-1.2669094110455608,-0.5783086071571354,0.8638275990643972,0.845725963893159,Stairmaster
0.09841594961491276,2.2104977068896727,0.042950975978531314,-1.0492785610898625,-0.5379821340706004,0.7063250128483631,0.7454204368877317,Stairmaster
0.178872163215466,2.457772517034255,0.02274124704451302,-1.1121233700229534,-0.46475436721597313,0.8684127218205553,0.8133938887397071,Stairmaster
0.19891425649519348,2.2926113004596216,0.17018198781722768,-1.1628546578640413,-0.4906771719633662,0.8749775040549199,0.8225046525057581,Stairmaster
0.09930168124355944,2.2324241220581675,-0.01935982098168216,-1.2095424394998417,-0.6325985326685629,0.8195215543696857,0.8326520454001636,Stairmaster
0.19573978071094186,1.9181234690497757,0.0851196756776454,-1.0500977700580876,-0.4705247038060223,0.848305524622314,0.778034630378333,Stairmaster
0.13714653378631234,2.0171204181972895,-0.008462532210119254,-1.175719875836011,-0.5626873001066738,0.9137811177348627,0.8376223044945029,Stairmaster
0.14825580379235204,2.02905603598747,0.0935280367015693,-1.1619342650023554,-0.4949467015565556,0.8330021810332507,0.7679169664910588,Stairmaster
0.04921517253298181,2.27136159345371,-0.12336256556616276,-1.1528743934264798,-0.6458084011040066,0.7383234389494986,0.7995470319937416,Stairmaster
0.18378499397984793,1.9989133154752596,0.1325273926136999,-1.0833641883623564,-0.49443750308699214,0.8335881413187374,0.7743651172233275,Stairmaster
0.12267818441610616,2.2349448956417963,-0.10318424931476311,-1.1892403799136197,-0.5993031530312878,0.8497112320729663,0.8705016449830428,Stairmaster
0.13304201264858298,2.2707456470820526,0.06316034956071417,-1.23679279567549,-0.5150217902964322,0.8231773234573594,0.8046987533219941,Stairmaster
0.05196698119612162,2.042394515533758,-0.14269328078385546,-1.0939966411883,-0.6102057381522569,0.7251749333474208,0.7967282049464366,Stairmaster
0.2522360031323012,2.313840470394859,0.18555695419025248,-1.1304191003775494,-0.34283830196339377,0.8602925478090199,0.747552984028258,Stairmaster
-0.30404634662019375,3.437914843523057,-0.7974977678798302,-1.367279509901707,-0.9733250582345523,-0.11119283011882736,1.0938175062210584,Stairmaster
0.6479954363938132,12.60392992297445,-0.34385728582545666,-1.601059704506516,-0.834182864060656,0.9444344242033738,2.572405296767646,Stairmaster
-0.2589226380118797,6.800027124759738,-0.9203565298260926,-1.7367689854772144,-1.3267696557820983,0.24841521662904822,1.6594582237360245,Stairmaster
-1.1886118331715165,1.5408931038665659,-1.533462081322378,-1.7660780526437714,-1.6586719701846127,-0.9117904963002924,0.7161920217517935,Stairmaster
-0.027160527787332585,3.427962215057622,-0.2503671264519561,-1.707955960759154,-0.8789781124619277,0.6423977972785798,1.1224058938456976,Stairmaster
-0.051726151802665446,2.9544731520831067,-0.2173540263268615,-1.582950881287017,-0.8681012154397652,0.55838824182661,1.0696784759785019,Stairmaster
0.5526972569600416,6.66390750367558,-0.01903928346808168,-1.3599961831267853,-0.7469584833342846,1.4700383515035422,1.718598550612997,Stairmaster
-0.06633159887263834,3.088495537058808,-0.17860795394640105,-1.600341593199342,-0.8886625356377618,0.4744363808896047,0.9564920612316075,Stairmaster
-0.14656732564973088,3.1831363751724666,-0.1552724451370511,-1.7436011514894234,-1.1460909018007248,0.4297266444811554,1.0603101350220814,Stairmaster
-0.1099786563230565,3.5639939417448816,-0.16071450077694074,-1.6743222165932061,-0.9725781031102606,0.4998295617373348,1.014303258563436,Stairmaster
0.03518992562969912,3.4702455084273334,-0.04582046681405581,-1.6782153885976976,-0.7164218235876725,0.5996560525351331,1.0169122662910626,Stairmaster
0.6044201328659142,6.855257661997772,0.2509211673450567,-1.6017732588458484,-0.6522339475158401,1.5314678445758867,1.6448484354664512,Stairmaster
0.0675528307555933,3.928853352914756,-0.16814035241947392,-1.653024245567079,-0.8663352221746691,0.7652657739973412,1.2097160440710832,Stairmaster
-0.004147185905992544,3.9408794111074275,-0.16959569622415732,-1.6168339568883014,-0.9765809190078432,0.6220565961704956,1.1500937841846854,Stairmaster
-0.08896844230095063,2.809425782870293,-0.30182004245590266,-1.661953709556339,-1.01230183142926,0.616240904571134,1.07073793815617,Stairmaster
0.08401116111800595,4.241479788567414,-0.022228995821598613,-1.683908702328134,-0.8699395909859239,0.7292750699218117,1.1855459702768962,Stairmaster
0.22858428115870938,4.054213926579974,0.06692200115358704,-1.6258304021559682,-0.7885760308355019,0.894950818202178,1.2877803780884574,Stairmaster
0.23272299621285022,4.131954824097123,0.09538022891116466,-1.6181546926767039,-0.7397643835421736,0.9118047871727479,1.207702972215181,Stairmaster
-0.01695856100027935,2.851206896037234,-0.003276709110133128,-1.6681766435967649,-1.0438982507122407,0.8582161851230631,1.1195749061048847,Stairmaster
-0.019979508041329665,4.11775638476447,-0.024214475915054448,-1.6979862158293142,-0.8506895237049853,0.5530963792128831,1.0856571141052145,Stairmaster
-0.025919675792011886,3.676410191365113,-0.026913663726204764,-1.5144671753459267,-1.0224636162662926,0.6424147924554646,1.0469621795058945,Stairmaster
0.18958958234709233,4.945363151851255,0.0241032073370754,-1.5362332683039706,-0.6494014747423758,0.7658433433574127,1.22222509692369,Stairmaster
-1.3392219838422166,-0.6739069632269283,-1.4043402874513815,-1.6981755816188178,-1.5122911584171375,-1.2099976876175405,0.23504869823727698,Stairmaster
0.08317993478101213,1.4822559335355288,0.13647021609594973,-1.0209586019785843,-0.6257167874130953,0.5032971453234104,0.7484037617471567,Stairmaster
0.37514676993951734,4.011954814631588,0.30917160322956044,-1.2911871475566576,-0.3746923539085334,0.9062695059967592,0.959691030608723,Stairmaster
-0.08459327461513416,1.4876332742605036,-0.17754651486773781,-1.2215225321506555,-0.7503021244056693,0.5557503956045493,0.7066051171145971,Stairmaster
-0.024983370309556188,1.8664865275835063,-0.13395420792480095,-1.2044793781604657,-0.7227506415818737,0.6193808763461388,0.7707312249162637,Stairmaster
0.003886756714450053,1.7915711802911314,-0.059244856382517336,-1.2019893215426303,-0.6917843647968485,0.5964445326792973,0.7718355915135617,Stairmaster
-0.03601777406545056,1.537055316156667,0.0031448722446234005,-1.2735238311751798,-0.6823069913781608,0.5145688492043476,0.6994190511664703,Stairmaster
-0.012364949667586897,2.046539527712111,-0.014095535188187586,-1.1225173916448417,-0.7453834914936326,0.5796051528610174,0.7762675107248658,Stairmaster
-0.023065107702251487,1.819344849990965,-0.031280208217874306,-1.1385119160623565,-0.7286695285292394,0.5219626337958727,0.7265217201713535,Stairmaster
-0.03540928800438385,1.5745262309185803,0.007399857518726308,-1.2223509832949229,-0.826139194269575,0.6063500977295073,0.7553507901088181,Stairmaster
-0.019546864527063026,1.9724458316803317,0.0009216296028556692,-1.2454380700915082,-0.6745502974916584,0.5359042320093763,0.6796040346005062,Stairmaster
0.02184508006923511,1.9387460702113317,0.10223294274011162,-1.288675315954856,-0.790881508783548,0.5848837446659483,0.7968495713182727,Stairmaster
-0.05570007664310868,1.7800278749847949,0.01454359981719644,-1.16481612730279,-0.766961897844822,0.5078771333592855,0.7338940286500385,Stairmaster
0.006784437730648893,1.5477313827057544,0.016331448722895017,-1.0481711711490524,-0.6184618652145031,0.5120161124820131,0.6530731483960427,Stairmaster
-0.056864779451751904,1.5450859200577043,-0.06181435875894432,-1.1957847139880182,-0.729202287955022,0.523134952411901,0.7133683580224578,Stairmaster
0.05018223487297933,1.977209478062767,0.05868024758112579,-1.1335225660522743,-0.6334380720309764,0.5778832670367678,0.7033097827374322,Stairmaster
0.044035867577475324,1.8677252132435458,0.11283579639860859,-1.251882078875498,-0.6729112217769601,0.5680975619297289,0.7101724408173626,Stairmaster
-0.06173720679165546,1.6518443555405853,-0.08428934870130318,-1.2210778007760594,-0.6692418628273027,0.41803394517362663,0.6606127741391413,Stairmaster
-0.053625081999278845,1.6691292723408533,-0.09004645867778444,-1.190571662893571,-0.8119788257383922,0.5394201551027867,0.7671061092824851,Stairmaster
0.03975914591235346,2.1604418106348877,0.008201797164084697,-1.2073304562395475,-0.7304626101675883,0.6650463448844508,0.7660113017133198,Stairmaster
0.10537455219475127,2.699487048273797,0.07493935734492839,-1.1380671367673871,-0.6337836157901876,0.6462302872102308,0.7956262697811199,Stairmaster
-1.0235270686132403,-0.1534157246634871,-1.1360550621316525,-1.3382433710801964,-1.2249084126228105,-0.892071422801818,0.2789155435188667,Stairmaster
-1.9096819727117278,-0.33005049203004216,-2.2232585734072017,-2.714919302538726,-2.447999366184197,-1.727029304456412,0.7435367012501974,Treadmill
-0.5066689899949097,4.8467678543003165,-0.6342739249497737,-3.0031574403701797,-1.911393735650079,0.6805502399104484,1.5920650077990681,Treadmill
-0.29895929492015527,4.918207183456507,-0.48219468768702034,-2.8554476261854385,-2.1426100042783895,1.0018758234065044,1.9384586698425206,Treadmill
-0.30048567617910804,2.8607873829162664,-0.21255385389763157,-2.528497897247597,-1.2243421774311418,0.4652365341693584,1.0474214250479164,Treadmill
-0.05211618748083997,3.7388139046673343,-0.11181293773363313,-2.0694840027953734,-0.9318712132752929,0.6893962648652423,1.1026071444430292,Treadmill
0.1325798221561103,2.8485310914669313,0.038348916754595994,-1.9648899041976176,-0.7222981680582536,0.9327119001881571,1.0974595569385976,Treadmill
0.1272740023238256,4.021440161026174,0.08986627845964822,-2.1056474665410394,-0.7426940942932786,0.9252895435495986,1.1405998367022034,Treadmill
0.29341617890630567,3.411792089435241,0.21252716586979525,-2.094216506892602,-0.733604535153251,1.1821886823284606,1.2331058654802787,Treadmill
0.6180331646081665,5.10575434041019,0.3208242857456082,-1.8682012838078592,-0.6704889002106613,1.816128809790515,1.5647273035484754,Treadmill
0.24986166038175925,4.679832924972174,0.04902201218618049,-2.1820317184740863,-0.8927124782179318,1.221498035017284,1.446245683812035,Treadmill
-0.6588642270542607,4.567309207910666,-1.4201105615516243,-2.9028004726189347,-2.3745360099352064,0.8802724046332773,1.9437524964403874,Treadmill
-0.10448931090343984,3.549095954899851,-0.3074101997942754,-2.2368619177150575,-1.1778767338836473,0.8328171425798689,1.320354711719676,Treadmill
0.7604546236522879,6.852635363748883,0.6533913650126248,-1.873196913009387,-0.4163938154137306,1.7058432346050199,1.49500703200122,Treadmill
0.5181880556143337,4.538556466860975,0.38540187909343016,-1.9095212976342681,-0.6166218048515029,1.5116701528466423,1.385126582429859,Treadmill
0.4404215194193411,4.405665960705566,0.3510646077465017,-2.015950032823566,-0.7195770944471362,1.4034575408261023,1.3544033605298533,Treadmill
0.4356794630942064,5.196214491831642,0.3108292066124258,-2.261606568338736,-0.7999011271794716,1.5162103060136929,1.4473348098889203,Treadmill
0.317147237375941,6.81256220329931,0.052852867721162586,-1.982716569778213,-0.8074771632158708,1.1278905771465904,1.4593343815997462,Treadmill
-0.9085282836200782,5.485692381783171,-1.7273068763216803,-2.8384137937879927,-2.3401993668544225,0.13658007996085697,1.893592726236808,Treadmill
-0.01020900760083015,4.881533723568972,-0.28593128617409747,-2.455421346241404,-0.9742942903941274,0.8385403508389317,1.3850325375327994,Treadmill
-0.050683771716163215,4.160127765840016,-0.3738925505331337,-2.6030216407178073,-1.1343744524180541,0.8947288117600295,1.3859896830345788,Treadmill
-0.19594700587692507,3.994270125550961,-0.3756214539582565,-2.658580098032849,-1.2993885931898916,0.7527967784752388,1.3184933103767698,Treadmill
-0.624812872651535,5.131294474606881,-0.8356374575455721,-2.6776372439982157,-1.765011366413405,0.2307798232825818,1.4091474913290294,Treadmill
0.08524955732620426,9.291989447625284,-0.6735261125386225,-2.8033346760595186,-1.5612324895399865,1.1490318870972165,2.338202240536184,Treadmill
0.09358030213103158,5.087123814302211,-0.0595937852369383,-2.2031391135079668,-0.7332992241605115,0.7496802423648692,1.1918589108045878,Treadmill
-0.03161411929138914,2.850135977871831,-0.047030040673892215,-1.8057950573055093,-0.8551582596892476,0.7087297354369737,0.952884341705212,Treadmill
-0.06292250666717313,2.145135785970645,-0.11942639406166469,-1.6411669257552202,-0.7980385606962088,0.6163276238272362,0.8456306123708847,Treadmill
0.0228897480616366,2.4919397336170164,0.06290415800637475,-1.7382151859947848,-0.7828900388201412,0.7192452480970577,0.911813202386549,Treadmill
0.03107821050659131,2.5133198779884607,0.10487629792458805,-1.9097829475756316,-0.78263389607003,0.7584842547991165,0.9157712053708608,Treadmill
0.05815414966735021,3.2672838138572398,0.006169331683405466,-1.9298379688168505,-0.6490449676136285,0.7506571500706503,0.9823386276788889,Treadmill
0.033350952757909724,2.818648530696096,0.03654398911789315,-1.7042234370108766,-0.7569099848728886,0.7900295442355685,0.957577479307041,Treadmill
-0.06711793994269069,2.712535119170421,-0.1387919634891998,-1.6354472807512128,-0.7985564338732585,0.6342544463870076,0.8790896320425111,Treadmill
-0.03850039196609979,2.4060744125645788,-0.14220214178303456,-1.735329523915482,-0.6868604272955737,0.5996512078744934,0.8472227197807485,Treadmill
-0.037808004319141574,2.521405476362867,0.020661819622106118,-1.9628051621386347,-0.8746415703279657,0.6537248292824543,0.9206016539873826,Treadmill
0.030441785670304068,2.566004520352437,0.03507422475408854,-1.806846121425823,-0.7175081832368656,0.760147617595768,0.922307086150186,Treadmill
-0.05204065904390592,3.036756109104154,-0.1020430946260856,-1.6405201261389843,-0.6985659930148062,0.5921860887920252,0.8297298970972162,Treadmill
0.03984824346110459,2.1240307797835136,0.07108833373341224,-1.6358947013957725,-0.5928608943882916,0.6550131553065072,0.8013189594834769,Treadmill
0.061394505771561546,2.7268157776848336,0.06109736333551477,-1.9757803737544548,-0.7693638699835306,0.79588111487122,0.9430974175520225,Treadmill
0.05207202367961095,2.8221960005781828,-0.0033383138072516343,-1.4665339289709673,-0.6611025434108575,0.7297848264217858,0.8848770644318353,Treadmill
0.00988218338151745,2.8781551560068195,-0.02646871737044742,-1.6502502656220954,-0.7487606033014761,0.6945804669166546,0.8787230860921255,Treadmill
0.08279645746402874,2.7352441672477723,0.04994644481706564,-1.6273297638934352,-0.6362379038933297,0.733162118902362,0.8770895310875451,Treadmill
0.06067478443996775,2.7498784604279933,0.0071340514980645035,-1.6593778065285547,-0.7220114870616893,0.8518699165261664,0.9334131757698022,Treadmill
0.06495045153796748,3.047271448300008,0.04973388307810741,-1.5913969384744222,-0.6823831650498461,0.7276464480288412,0.9107215144259763,Treadmill
-0.3689603702708995,2.251048866641463,-0.5296659723555391,-2.407288075049676,-1.1549421716524146,0.4942481324431409,1.1422110635097082,Treadmill
0.09358030213103158,5.087123814302211,-0.0595937852369383,-2.2031391135079668,-0.7332992241605115,0.7496802423648692,1.1918589108045878,Treadmill
-0.03161411929138914,2.850135977871831,-0.047030040673892215,-1.8057950573055093,-0.8551582596892476,0.7087297354369737,0.952884341705212,Treadmill
-0.06292250666717313,2.145135785970645,-0.11942639406166469,-1.6411669257552202,-0.7980385606962088,0.6163276238272362,0.8456306123708847,Treadmill
0.0228897480616366,2.4919397336170164,0.06290415800637475,-1.7382151859947848,-0.7828900388201412,0.7192452480970577,0.911813202386549,Treadmill
0.03107821050659131,2.5133198779884607,0.10487629792458805,-1.9097829475756316,-0.78263389607003,0.7584842547991165,0.9157712053708608,Treadmill
0.05815414966735021,3.2672838138572398,0.006169331683405466,-1.9298379688168505,-0.6490449676136285,0.7506571500706503,0.9823386276788889,Treadmill
0.033350952757909724,2.818648530696096,0.03654398911789315,-1.7042234370108766,-0.7569099848728886,0.7900295442355685,0.957577479307041,Treadmill
-0.06711793994269069,2.712535119170421,-0.1387919634891998,-1.6354472807512128,-0.7985564338732585,0.6342544463870076,0.8790896320425111,Treadmill
-0.03850039196609979,2.4060744125645788,-0.14220214178303456,-1.735329523915482,-0.6868604272955737,0.5996512078744934,0.8472227197807485,Treadmill
-0.037808004319141574,2.521405476362867,0.020661819622106118,-1.9628051621386347,-0.8746415703279657,0.6537248292824543,0.9206016539873826,Treadmill
0.030441785670304068,2.566004520352437,0.03507422475408854,-1.806846121425823,-0.7175081832368656,0.760147617595768,0.922307086150186,Treadmill
-0.05204065904390592,3.036756109104154,-0.1020430946260856,-1.6405201261389843,-0.6985659930148062,0.5921860887920252,0.8297298970972162,Treadmill
0.03984824346110459,2.1240307797835136,0.07108833373341224,-1.6358947013957725,-0.5928608943882916,0.6550131553065072,0.8013189594834769,Treadmill
0.061394505771561546,2.7268157776848336,0.06109736333551477,-1.9757803737544548,-0.7693638699835306,0.79588111487122,0.9430974175520225,Treadmill
0.05207202367961095,2.8221960005781828,-0.0033383138072516343,-1.4665339289709673,-0.6611025434108575,0.7297848264217858,0.8848770644318353,Treadmill
0.00988218338151745,2.8781551560068195,-0.02646871737044742,-1.6502502656220954,-0.7487606033014761,0.6945804669166546,0.8787230860921255,Treadmill
0.08279645746402874,2.7352441672477723,0.04994644481706564,-1.6273297638934352,-0.6362379038933297,0.733162118902362,0.8770895310875451,Treadmill
0.06067478443996775,2.7498784604279933,0.0071340514980645035,-1.6593778065285547,-0.7220114870616893,0.8518699165261664,0.9334131757698022,Treadmill
0.06495045153796748,3.047271448300008,0.04973388307810741,-1.5913969384744222,-0.6823831650498461,0.7276464480288412,0.9107215144259763,Treadmill
-0.3689603702708995,2.251048866641463,-0.5296659723555391,-2.407288075049676,-1.1549421716524146,0.4942481324431409,1.1422110635097082,Treadmill
-1.9096819727117278,-0.33005049203004216,-2.2232585734072017,-2.714919302538726,-2.447999366184197,-1.727029304456412,0.7435367012501974,Treadmill
-0.5066689899949097,4.8467678543003165,-0.6342739249497737,-3.0031574403701797,-1.911393735650079,0.6805502399104484,1.5920650077990681,Treadmill
-0.29895929492015527,4.918207183456507,-0.48219468768702034,-2.8554476261854385,-2.1426100042783895,1.0018758234065044,1.9384586698425206,Treadmill
-0.30048567617910804,2.8607873829162664,-0.21255385389763157,-2.528497897247597,-1.2243421774311418,0.4652365341693584,1.0474214250479164,Treadmill
-0.05211618748083997,3.7388139046673343,-0.11181293773363313,-2.0694840027953734,-0.9318712132752929,0.6893962648652423,1.1026071444430292,Treadmill
0.1325798221561103,2.8485310914669313,0.038348916754595994,-1.9648899041976176,-0.7222981680582536,0.9327119001881571,1.0974595569385976,Treadmill
0.1272740023238256,4.021440161026174,0.08986627845964822,-2.1056474665410394,-0.7426940942932786,0.9252895435495986,1.1405998367022034,Treadmill
0.29341617890630567,3.411792089435241,0.21252716586979525,-2.094216506892602,-0.733604535153251,1.1821886823284606,1.2331058654802787,Treadmill
0.6180331646081665,5.10575434041019,0.3208242857456082,-1.8682012838078592,-0.6704889002106613,1.816128809790515,1.5647273035484754,Treadmill
0.24986166038175925,4.679832924972174,0.04902201218618049,-2.1820317184740863,-0.8927124782179318,1.221498035017284,1.446245683812035,Treadmill
-0.6588642270542607,4.567309207910666,-1.4201105615516243,-2.9028004726189347,-2.3745360099352064,0.8802724046332773,1.9437524964403874,Treadmill
-0.10448931090343984,3.549095954899851,-0.3074101997942754,-2.2368619177150575,-1.1778767338836473,0.8328171425798689,1.320354711719676,Treadmill
0.7604546236522879,6.852635363748883,0.6533913650126248,-1.873196913009387,-0.4163938154137306,1.7058432346050199,1.49500703200122,Treadmill
0.5181880556143337,4.538556466860975,0.38540187909343016,-1.9095212976342681,-0.6166218048515029,1.5116701528466423,1.385126582429859,Treadmill
0.4404215194193411,4.405665960705566,0.3510646077465017,-2.015950032823566,-0.7195770944471362,1.4034575408261023,1.3544033605298533,Treadmill
0.4356794630942064,5.196214491831642,0.3108292066124258,-2.261606568338736,-0.7999011271794716,1.5162103060136929,1.4473348098889203,Treadmill
0.317147237375941,6.81256220329931,0.052852867721162586,-1.982716569778213,-0.8074771632158708,1.1278905771465904,1.4593343815997462,Treadmill
-0.9085282836200782,5.485692381783171,-1.7273068763216803,-2.8384137937879927,-2.3401993668544225,0.13658007996085697,1.893592726236808,Treadmill
-0.01020900760083015,4.881533723568972,-0.28593128617409747,-2.455421346241404,-0.9742942903941274,0.8385403508389317,1.3850325375327994,Treadmill
-0.050683771716163215,4.160127765840016,-0.3738925505331337,-2.6030216407178073,-1.1343744524180541,0.8947288117600295,1.3859896830345788,Treadmill
-0.19594700587692507,3.994270125550961,-0.3756214539582565,-2.658580098032849,-1.2993885931898916,0.7527967784752388,1.3184933103767698,Treadmill
-0.624812872651535,5.131294474606881,-0.8356374575455721,-2.6776372439982157,-1.765011366413405,0.2307798232825818,1.4091474913290294,Treadmill
0.08524955732620426,9.291989447625284,-0.6735261125386225,-2.8033346760595186,-1.5612324895399865,1.1490318870972165,2.338202240536184,Treadmill
0.09358030213103158,5.087123814302211,-0.0595937852369383,-2.2031391135079668,-0.7332992241605115,0.7496802423648692,1.1918589108045878,Treadmill
-0.03161411929138914,2.850135977871831,-0.047030040673892215,-1.8057950573055093,-0.8551582596892476,0.7087297354369737,0.952884341705212,Treadmill
-0.06292250666717313,2.145135785970645,-0.11942639406166469,-1.6411669257552202,-0.7980385606962088,0.6163276238272362,0.8456306123708847,Treadmill
0.0228897480616366,2.4919397336170164,0.06290415800637475,-1.7382151859947848,-0.7828900388201412,0.7192452480970577,0.911813202386549,Treadmill
0.03107821050659131,2.5133198779884607,0.10487629792458805,-1.9097829475756316,-0.78263389607003,0.7584842547991165,0.9157712053708608,Treadmill
0.05815414966735021,3.2672838138572398,0.006169331683405466,-1.9298379688168505,-0.6490449676136285,0.7506571500706503,0.9823386276788889,Treadmill
0.033350952757909724,2.818648530696096,0.03654398911789315,-1.7042234370108766,-0.7569099848728886,0.7900295442355685,0.957577479307041,Treadmill
-0.06711793994269069,2.712535119170421,-0.1387919634891998,-1.6354472807512128,-0.7985564338732585,0.6342544463870076,0.8790896320425111,Treadmill
-0.03850039196609979,2.4060744125645788,-0.14220214178303456,-1.735329523915482,-0.6868604272955737,0.5996512078744934,0.8472227197807485,Treadmill
-0.037808004319141574,2.521405476362867,0.020661819622106118,-1.9628051621386347,-0.8746415703279657,0.6537248292824543,0.9206016539873826,Treadmill
0.030441785670304068,2.566004520352437,0.03507422475408854,-1.806846121425823,-0.7175081832368656,0.760147617595768,0.922307086150186,Treadmill
-0.05204065904390592,3.036756109104154,-0.1020430946260856,-1.6405201261389843,-0.6985659930148062,0.5921860887920252,0.8297298970972162,Treadmill
0.03984824346110459,2.1240307797835136,0.07108833373341224,-1.6358947013957725,-0.5928608943882916,0.6550131553065072,0.8013189594834769,Treadmill
0.061394505771561546,2.7268157776848336,0.06109736333551477,-1.9757803737544548,-0.7693638699835306,0.79588111487122,0.9430974175520225,Treadmill
0.05207202367961095,2.8221960005781828,-0.0033383138072516343,-1.4665339289709673,-0.6611025434108575,0.7297848264217858,0.8848770644318353,Treadmill
0.00988218338151745,2.8781551560068195,-0.02646871737044742,-1.6502502656220954,-0.7487606033014761,0.6945804669166546,0.8787230860921255,Treadmill
0.08279645746402874,2.7352441672477723,0.04994644481706564,-1.6273297638934352,-0.6362379038933297,0.733162118902362,0.8770895310875451,Treadmill
0.06067478443996775,2.7498784604279933,0.0071340514980645035,-1.6593778065285547,-0.7220114870616893,0.8518699165261664,0.9334131757698022,Treadmill
0.06495045153796748,3.047271448300008,0.04973388307810741,-1.5913969384744222,-0.6823831650498461,0.7276464480288412,0.9107215144259763,Treadmill
-0.3689603702708995,2.251048866641463,-0.5296659723555391,-2.407288075049676,-1.1549421716524146,0.4942481324431409,1.1422110635097082,Treadmill
